entity,ingestion_id,ingestion_loaded_at,latitude,longitude,provider,record_ts,relative_humidity_2m,source_key,temperature_2m,time
hourly_weather,2ca6f298-52ec-5374-840e-b2dbbf772502,2026-09-06T14:27:27Z,-23.514938,-46.610504,open_meteo,2026-09-04T00:00,76,-23.514938|-46.610504|2026-09-04T00:00,19,2026-09-04T00:00
hourly_weather,d1dfe40c-b786-53db-82c3-16fc983ec70d,2026-09-06T14:27:27Z,-23.514938,-46.610504,open_meteo,2026-09-04T01:00,83,-23.514938|-46.610504|2026-09-04T01:00,17.6,2026-09-04T01:00
hourly_weather,f5d55096-1fe1-5472-96fa-c68bc1dffc0c,2026-09-06T14:27:27Z,-23.514938,-46.610504,open_meteo,2026-09-04T02:00,85,-23.514938|-46.610504|2026-09-04T02:00,17,2026-09-04T02:00
hourly_weather,7c7a2ba5-742f-5ca9-9044-0139881fcb71,2026-09-06T14:27:27Z,-23.514938,-46.610504,open_meteo,2026-09-04T03:00,80,-23.514938|-46.610504|2026-09-04T03:00,16.8,2026-09-04T03:00
hourly_weather,614a2c17-153c-5421-a383-a397fbf219d8,2026-09-06T14:27:27Z,-23.514938,-46.610504,open_meteo,2026-09-04T04:00,72,-23.514938|-46.610504|2026-09-04T04:00,17,2026-09-04T04:00
hourly_weather,a10a2b5d-4da8-5ef2-a24b-beb72baeb23d,2026-09-06T14:27:27Z,-23.514938,-46.610504,open_meteo,2026-09-04T05:00,71,-23.514938|-46.610504|2026-09-04T05:00,16.8,2026-09-04T05:00
hourly_weather,a8d98eb5-7109-5f41-a47b-5b20cffe7c0b,2026-09-06T14:27:27Z,-23.514938,-46.610504,open_meteo,2026-09-04T06:00,72,-23.514938|-46.610504|2026-09-04T06:00,16.8,2026-09-04T06:00
hourly_weather,d7fa5136-189f-5665-b091-485c5902c816,2026-09-06T14:27:27Z,-23.514938,-46.610504,open_meteo,2026-09-04T07:00,71,-23.514938|-46.610504|2026-09-04T07:00,16.8,2026-09-04T07:00
hourly_weather,951d73ba-a598-5ad3-98b2-61cde9118599,2026-09-06T14:27:27Z,-23.514938,-46.610504,open_meteo,2026-09-04T08:00,72,-23.514938|-46.610504|2026-09-04T08:00,16.7,2026-09-04T08:00
hourly_weather,348c82bf-3f67-5f86-bb38-1c1a5d597146,2026-09-06T14:27:27Z,-23.514938,-46.610504,open_meteo,2026-09-04T09:00,72,-23.514938|-46.610504|2026-09-04T09:00,16.6,2026-09-04T09:00
hourly_weather,f7b5d8a3-1b32-5a6a-99d9-1926b1313099,2026-09-06T14:27:27Z,-23.514938,-46.610504,open_meteo,2026-09-04T10:00,72,-23.514938|-46.610504|2026-09-04T10:00,17,2026-09-04T10:00
hourly_weather,3ee05930-5daf-5846-82ce-a1c5d161073f,2026-09-06T14:27:27Z,-23.514938,-46.610504,open_meteo,2026-09-04T11:00,68,-23.514938|-46.610504|2026-09-04T11:00,19.2,2026-09-04T11:00
hourly_weather,e012406f-16fe-521c-a6f6-245deec179d7,2026-09-06T14:27:27Z,-23.514938,-46.610504,open_meteo,2026-09-04T12:00,61,-23.514938|-46.610504|2026-09-04T12:00,21.8,2026-09-04T12:00
hourly_weather,8519796c-3c64-5ca9-ab9e-0b9a7dfe808e,2026-09-06T14:27:27Z,-23.514938,-46.610504,open_meteo,2026-09-04T13:00,52,-23.514938|-46.610504|2026-09-04T13:00,24.3,2026-09-04T13:00
hourly_weather,8aa25434-c271-5c18-a966-1b94e974e8ca,2026-09-06T14:27:27Z,-23.514938,-46.610504,open_meteo,2026-09-04T14:00,47,-23.514938|-46.610504|2026-09-04T14:00,25.7,2026-09-04T14:00
hourly_weather,fc90d49c-11ee-57c8-abf4-dd7ce5e23f3d,2026-09-06T14:27:27Z,-23.514938,-46.610504,open_meteo,2026-09-04T15:00,41,-23.514938|-46.610504|2026-09-04T15:00,26.8,2026-09-04T15:00
hourly_weather,0720920c-fe67-5cdf-af1e-0f552100755a,2026-09-06T14:27:27Z,-23.514938,-46.610504,open_meteo,2026-09-04T16:00,36,-23.514938|-46.610504|2026-09-04T16:00,27.5,2026-09-04T16:00
hourly_weather,d0f95154-d72e-5a89-91d8-203847aedb08,2026-09-06T14:27:27Z,-23.514938,-46.610504,open_meteo,2026-09-04T17:00,31,-23.514938|-46.610504|2026-09-04T17:00,27.8,2026-09-04T17:00
hourly_weather,92b388b9-dbf2-5e1d-8668-1dbc01aca2f0,2026-09-06T14:27:27Z,-23.514938,-46.610504,open_meteo,2026-09-04T18:00,28,-23.514938|-46.610504|2026-09-04T18:00,28.5,2026-09-04T18:00
hourly_weather,dc51d204-0289-531c-ac91-8ee6dd6ea9b6,2026-09-06T14:27:27Z,-23.514938,-46.610504,open_meteo,2026-09-04T19:00,28,-23.514938|-46.610504|2026-09-04T19:00,28.4,2026-09-04T19:00
hourly_weather,038727fc-8359-5cc6-aa33-e464f8b6a836,2026-09-06T14:27:27Z,-23.514938,-46.610504,open_meteo,2026-09-04T20:00,41,-23.514938|-46.610504|2026-09-04T20:00,26.5,2026-09-04T20:00
hourly_weather,e0d37cde-4e0a-5a84-9335-f024b7a5b706,2026-09-06T14:27:27Z,-23.514938,-46.610504,open_meteo,2026-09-04T21:00,67,-23.514938|-46.610504|2026-09-04T21:00,20.5,2026-09-04T21:00
hourly_weather,05c692fc-17d8-5466-8d56-5d21af861986,2026-09-06T14:27:27Z,-23.514938,-46.610504,open_meteo,2026-09-04T22:00,84,-23.514938|-46.610504|2026-09-04T22:00,18.5,2026-09-04T22:00
hourly_weather,7525d502-6097-5c9e-b66e-6028d1736c4b,2026-09-06T14:27:27Z,-23.514938,-46.610504,open_meteo,2026-09-04T23:00,89,-23.514938|-46.610504|2026-09-04T23:00,17.7,2026-09-04T23:00
hourly_weather,ec37e34a-c315-581e-a9be-1bd48a46387c,2026-09-06T14:27:27Z,-23.514938,-46.610504,open_meteo,2026-09-05T00:00,93,-23.514938|-46.610504|2026-09-05T00:00,17.5,2026-09-05T00:00
hourly_weather,a0ba59f2-e49f-5447-afe1-1d5b27c62ac7,2026-09-06T14:27:27Z,-23.514938,-46.610504,open_meteo,2026-09-05T01:00,94,-23.514938|-46.610504|2026-09-05T01:00,17.1,2026-09-05T01:00
hourly_weather,7fa75bbf-060d-5b17-9a28-ee1a3a9a3c89,2026-09-06T14:27:27Z,-23.514938,-46.610504,open_meteo,2026-09-05T02:00,92,-23.514938|-46.610504|2026-09-05T02:00,17.1,2026-09-05T02:00
hourly_weather,8aee8db3-1177-53c0-a8a4-4faef8e542f6,2026-09-06T14:27:27Z,-23.514938,-46.610504,open_meteo,2026-09-05T03:00,92,-23.514938|-46.610504|2026-09-05T03:00,16.8,2026-09-05T03:00
hourly_weather,b1339764-6d09-524a-8f90-6131eb109743,2026-09-06T14:27:27Z,-23.514938,-46.610504,open_meteo,2026-09-05T04:00,93,-23.514938|-46.610504|2026-09-05T04:00,16.4,2026-09-05T04:00
hourly_weather,eb9d7c90-d5e8-566e-9e3d-04d0e6157203,2026-09-06T14:27:27Z,-23.514938,-46.610504,open_meteo,2026-09-05T05:00,93,-23.514938|-46.610504|2026-09-05T05:00,16.2,2026-09-05T05:00
hourly_weather,6c842d4d-d163-53ac-98dd-ddd5050a9a78,2026-09-06T14:27:27Z,-23.514938,-46.610504,open_meteo,2026-09-05T06:00,97,-23.514938|-46.610504|2026-09-05T06:00,16.4,2026-09-05T06:00
hourly_weather,badcbf60-1e9f-54a9-8423-95e4453561fa,2026-09-06T14:27:27Z,-23.514938,-46.610504,open_meteo,2026-09-05T07:00,97,-23.514938|-46.610504|2026-09-05T07:00,16,2026-09-05T07:00
hourly_weather,d57c3eb8-8c22-59c3-b149-2384248642b3,2026-09-06T14:27:27Z,-23.514938,-46.610504,open_meteo,2026-09-05T08:00,97,-23.514938|-46.610504|2026-09-05T08:00,15.7,2026-09-05T08:00
hourly_weather,fd0412d9-f207-51bf-b115-62c919bfb200,2026-09-06T14:27:27Z,-23.514938,-46.610504,open_meteo,2026-09-05T09:00,97,-23.514938|-46.610504|2026-09-05T09:00,15.6,2026-09-05T09:00
hourly_weather,144b4d63-0d62-5606-8c4c-7b4d35eef653,2026-09-06T14:27:27Z,-23.514938,-46.610504,open_meteo,2026-09-05T10:00,95,-23.514938|-46.610504|2026-09-05T10:00,16,2026-09-05T10:00
hourly_weather,f9c9f608-e70d-5db6-ac81-d663f40eceaa,2026-09-06T14:27:27Z,-23.514938,-46.610504,open_meteo,2026-09-05T11:00,89,-23.514938|-46.610504|2026-09-05T11:00,17.1,2026-09-05T11:00
hourly_weather,a90b1486-8d99-50ea-96ec-efaeceb175d8,2026-09-06T14:27:27Z,-23.514938,-46.610504,open_meteo,2026-09-05T12:00,81,-23.514938|-46.610504|2026-09-05T12:00,18.9,2026-09-05T12:00
hourly_weather,540d8795-e43b-52e1-b6c6-bce5425cee88,2026-09-06T14:27:27Z,-23.514938,-46.610504,open_meteo,2026-09-05T13:00,80,-23.514938|-46.610504|2026-09-05T13:00,19.5,2026-09-05T13:00
hourly_weather,d2ccfdcf-d6dc-5cb3-aefd-11f127fb7446,2026-09-06T14:27:27Z,-23.514938,-46.610504,open_meteo,2026-09-05T14:00,86,-23.514938|-46.610504|2026-09-05T14:00,18.9,2026-09-05T14:00
hourly_weather,aab38cd7-a679-5497-ae8b-bd248e44b4e6,2026-09-06T14:27:27Z,-23.514938,-46.610504,open_meteo,2026-09-05T15:00,87,-23.514938|-46.610504|2026-09-05T15:00,18.9,2026-09-05T15:00
hourly_weather,dd8675e3-5179-59ec-a6ff-7107489623e2,2026-09-06T14:27:27Z,-23.514938,-46.610504,open_meteo,2026-09-05T16:00,74,-23.514938|-46.610504|2026-09-05T16:00,21.3,2026-09-05T16:00
hourly_weather,84eca6bc-de7d-55bd-aacd-0c041560b1e1,2026-09-06T14:27:27Z,-23.514938,-46.610504,open_meteo,2026-09-05T17:00,71,-23.514938|-46.610504|2026-09-05T17:00,22.5,2026-09-05T17:00
hourly_weather,413b5a9a-8729-5436-a7de-469a7bf3685b,2026-09-06T14:27:27Z,-23.514938,-46.610504,open_meteo,2026-09-05T18:00,88,-23.514938|-46.610504|2026-09-05T18:00,18.9,2026-09-05T18:00
hourly_weather,45e256c3-564f-5a33-92f7-e253ce4db646,2026-09-06T14:27:27Z,-23.514938,-46.610504,open_meteo,2026-09-05T19:00,89,-23.514938|-46.610504|2026-09-05T19:00,19.1,2026-09-05T19:00
hourly_weather,4fcb7540-1c9a-57ce-96e1-2a857234e3c3,2026-09-06T14:27:27Z,-23.514938,-46.610504,open_meteo,2026-09-05T20:00,86,-23.514938|-46.610504|2026-09-05T20:00,19.5,2026-09-05T20:00
hourly_weather,83cbe512-bdb7-5743-a227-d0d15459017c,2026-09-06T14:27:27Z,-23.514938,-46.610504,open_meteo,2026-09-05T21:00,90,-23.514938|-46.610504|2026-09-05T21:00,18.8,2026-09-05T21:00
hourly_weather,b3f8ba8d-7be7-52fe-911d-29c282a6026f,2026-09-06T14:27:27Z,-23.514938,-46.610504,open_meteo,2026-09-05T22:00,92,-23.514938|-46.610504|2026-09-05T22:00,17.6,2026-09-05T22:00
hourly_weather,363951f0-936f-5a35-b1e6-6b4ad02213d0,2026-09-06T14:27:27Z,-23.514938,-46.610504,open_meteo,2026-09-05T23:00,93,-23.514938|-46.610504|2026-09-05T23:00,16,2026-09-05T23:00
hourly_weather,181f14c6-7fbd-5848-bc4a-b293074df4f4,2026-09-06T14:27:27Z,-23.514938,-46.610504,open_meteo,2026-09-06T00:00,90,-23.514938|-46.610504|2026-09-06T00:00,15.9,2026-09-06T00:00
hourly_weather,6c030f07-8522-58b0-bbdc-15f634814f86,2026-09-06T14:27:27Z,-23.514938,-46.610504,open_meteo,2026-09-06T01:00,92,-23.514938|-46.610504|2026-09-06T01:00,15.5,2026-09-06T01:00
hourly_weather,417b4b8d-5f9b-52cb-aa1c-b0ab2d4a12f9,2026-09-06T14:27:27Z,-23.514938,-46.610504,open_meteo,2026-09-06T02:00,90,-23.514938|-46.610504|2026-09-06T02:00,15.4,2026-09-06T02:00
hourly_weather,b5f279ba-62ac-5fc5-b78b-7bf95163b2af,2026-09-06T14:27:27Z,-23.514938,-46.610504,open_meteo,2026-09-06T03:00,93,-23.514938|-46.610504|2026-09-06T03:00,15,2026-09-06T03:00
hourly_weather,9d72f5ff-0bad-5a4d-afcd-6b9145f3edb3,2026-09-06T14:27:27Z,-23.514938,-46.610504,open_meteo,2026-09-06T04:00,95,-23.514938|-46.610504|2026-09-06T04:00,14.6,2026-09-06T04:00
hourly_weather,b2aeb1ef-afab-565b-9c20-ed9d4b3ce5aa,2026-09-06T14:27:27Z,-23.514938,-46.610504,open_meteo,2026-09-06T05:00,95,-23.514938|-46.610504|2026-09-06T05:00,14,2026-09-06T05:00
hourly_weather,b569bd82-1bf8-53ba-8a20-392328c184d3,2026-09-06T14:27:27Z,-23.514938,-46.610504,open_meteo,2026-09-06T06:00,94,-23.514938|-46.610504|2026-09-06T06:00,13.6,2026-09-06T06:00
hourly_weather,211ec56f-fa05-53cd-abc6-a6ba0fe5e172,2026-09-06T14:27:27Z,-23.514938,-46.610504,open_meteo,2026-09-06T07:00,95,-23.514938|-46.610504|2026-09-06T07:00,13.3,2026-09-06T07:00
hourly_weather,00d0ea76-8b2f-5f79-bfa2-806519b5d530,2026-09-06T14:27:27Z,-23.514938,-46.610504,open_meteo,2026-09-06T08:00,95,-23.514938|-46.610504|2026-09-06T08:00,13.1,2026-09-06T08:00
hourly_weather,d3c41de9-017e-5bae-ae1c-4ada259ff2db,2026-09-06T14:27:27Z,-23.514938,-46.610504,open_meteo,2026-09-06T09:00,95,-23.514938|-46.610504|2026-09-06T09:00,13.1,2026-09-06T09:00
hourly_weather,c14408fa-42ea-59ea-a06d-7fec9a082244,2026-09-06T14:27:27Z,-23.514938,-46.610504,open_meteo,2026-09-06T10:00,94,-23.514938|-46.610504|2026-09-06T10:00,13.2,2026-09-06T10:00
hourly_weather,6d7c035a-8177-5a60-a7ce-cf9d0981b6db,2026-09-06T14:27:27Z,-23.514938,-46.610504,open_meteo,2026-09-06T11:00,91,-23.514938|-46.610504|2026-09-06T11:00,13.2,2026-09-06T11:00
hourly_weather,8087c276-7d91-5902-818e-5a84db7c2c43,2026-09-06T14:27:27Z,-23.514938,-46.610504,open_meteo,2026-09-06T12:00,87,-23.514938|-46.610504|2026-09-06T12:00,13.1,2026-09-06T12:00
hourly_weather,6123ef78-b03d-53e8-8645-79c664a7befc,2026-09-06T14:27:27Z,-23.514938,-46.610504,open_meteo,2026-09-06T13:00,85,-23.514938|-46.610504|2026-09-06T13:00,13.1,2026-09-06T13:00
hourly_weather,27e4caed-ce24-5d11-a1e1-d3f006f7eeae,2026-09-06T14:27:27Z,-23.514938,-46.610504,open_meteo,2026-09-06T14:00,81,-23.514938|-46.610504|2026-09-06T14:00,13.4,2026-09-06T14:00
hourly_weather,14c86d67-cb4e-5a78-a57d-53d7a5d670a2,2026-09-06T14:27:27Z,-23.514938,-46.610504,open_meteo,2026-09-06T15:00,82,-23.514938|-46.610504|2026-09-06T15:00,12.9,2026-09-06T15:00
hourly_weather,e2aa8832-f2c2-5b3e-9521-b8797387309a,2026-09-06T14:27:27Z,-23.514938,-46.610504,open_meteo,2026-09-06T16:00,84,-23.514938|-46.610504|2026-09-06T16:00,12.5,2026-09-06T16:00
hourly_weather,09224964-d4a1-55a0-b5ad-a298c012d5df,2026-09-06T14:27:27Z,-23.514938,-46.610504,open_meteo,2026-09-06T17:00,87,-23.514938|-46.610504|2026-09-06T17:00,12.3,2026-09-06T17:00
hourly_weather,6280148f-3ac3-5119-ae30-92e314b55141,2026-09-06T14:27:27Z,-23.514938,-46.610504,open_meteo,2026-09-06T18:00,84,-23.514938|-46.610504|2026-09-06T18:00,12.6,2026-09-06T18:00
hourly_weather,ae7da7c1-2ece-5084-9bed-2736bef7cb0b,2026-09-06T14:27:27Z,-23.514938,-46.610504,open_meteo,2026-09-06T19:00,86,-23.514938|-46.610504|2026-09-06T19:00,12.1,2026-09-06T19:00
hourly_weather,4914487c-f6c0-5681-bdef-4c702ba41910,2026-09-06T14:27:27Z,-23.514938,-46.610504,open_meteo,2026-09-06T20:00,89,-23.514938|-46.610504|2026-09-06T20:00,11.8,2026-09-06T20:00
hourly_weather,29cb087a-ab93-502e-9936-d0219aa0ef9c,2026-09-06T14:27:27Z,-23.514938,-46.610504,open_meteo,2026-09-06T21:00,92,-23.514938|-46.610504|2026-09-06T21:00,11.5,2026-09-06T21:00
hourly_weather,5916a6f5-821f-5202-a60b-146fc74ff186,2026-09-06T14:27:27Z,-23.514938,-46.610504,open_meteo,2026-09-06T22:00,92,-23.514938|-46.610504|2026-09-06T22:00,11.3,2026-09-06T22:00
hourly_weather,96f6e770-348e-50d3-bab6-8511fe4f1428,2026-09-06T14:27:27Z,-23.514938,-46.610504,open_meteo,2026-09-06T23:00,92,-23.514938|-46.610504|2026-09-06T23:00,11,2026-09-06T23:00
hourly_weather,7f06f6ce-dabc-5d8e-bec8-42bdd8b7b7e8,2026-09-06T14:27:27Z,-23.514938,-46.610504,open_meteo,2026-09-07T00:00,93,-23.514938|-46.610504|2026-09-07T00:00,10.6,2026-09-07T00:00
hourly_weather,cd988a4a-5e7e-56ab-8643-e58ca27cf09e,2026-09-06T14:27:27Z,-23.514938,-46.610504,open_meteo,2026-09-07T01:00,94,-23.514938|-46.610504|2026-09-07T01:00,10.4,2026-09-07T01:00
hourly_weather,122c1f0e-35ce-5254-a4a6-9c44207f493b,2026-09-06T14:27:27Z,-23.514938,-46.610504,open_meteo,2026-09-07T02:00,94,-23.514938|-46.610504|2026-09-07T02:00,10.2,2026-09-07T02:00
hourly_weather,fc2e1464-98fd-5e19-bed6-00da726c1d65,2026-09-06T14:27:27Z,-23.514938,-46.610504,open_meteo,2026-09-07T03:00,93,-23.514938|-46.610504|2026-09-07T03:00,10.1,2026-09-07T03:00
hourly_weather,7945cd65-1082-5274-addf-8465c1d654f9,2026-09-06T14:27:27Z,-23.514938,-46.610504,open_meteo,2026-09-07T04:00,94,-23.514938|-46.610504|2026-09-07T04:00,10,2026-09-07T04:00
hourly_weather,9533b635-3e93-58aa-91b7-489044aed511,2026-09-06T14:27:27Z,-23.514938,-46.610504,open_meteo,2026-09-07T05:00,93,-23.514938|-46.610504|2026-09-07T05:00,10,2026-09-07T05:00
hourly_weather,c7223bef-23c8-5368-9826-8867aa39364e,2026-09-06T14:27:27Z,-23.514938,-46.610504,open_meteo,2026-09-07T06:00,93,-23.514938|-46.610504|2026-09-07T06:00,10,2026-09-07T06:00
hourly_weather,a9c02ee3-5a5f-5cfb-a577-821b3023c6cb,2026-09-06T14:27:27Z,-23.514938,-46.610504,open_meteo,2026-09-07T07:00,93,-23.514938|-46.610504|2026-09-07T07:00,9.9,2026-09-07T07:00
hourly_weather,ee768ce8-a62c-5220-b08f-10c037e8c56c,2026-09-06T14:27:27Z,-23.514938,-46.610504,open_meteo,2026-09-07T08:00,93,-23.514938|-46.610504|2026-09-07T08:00,9.9,2026-09-07T08:00
hourly_weather,4e560b48-6869-5673-96ef-871a863b8145,2026-09-06T14:27:27Z,-23.514938,-46.610504,open_meteo,2026-09-07T09:00,93,-23.514938|-46.610504|2026-09-07T09:00,10,2026-09-07T09:00
hourly_weather,8852e5ff-734e-5ec7-bfee-8ec04a143f63,2026-09-06T14:27:27Z,-23.514938,-46.610504,open_meteo,2026-09-07T10:00,92,-23.514938|-46.610504|2026-09-07T10:00,10.3,2026-09-07T10:00
hourly_weather,6d6e1eef-74ac-5688-a0d9-addfbc410a55,2026-09-06T14:27:27Z,-23.514938,-46.610504,open_meteo,2026-09-07T11:00,90,-23.514938|-46.610504|2026-09-07T11:00,10.7,2026-09-07T11:00
hourly_weather,fff7a178-4e92-5c2f-ae5f-d70dc2586b52,2026-09-06T14:27:27Z,-23.514938,-46.610504,open_meteo,2026-09-07T12:00,87,-23.514938|-46.610504|2026-09-07T12:00,11.2,2026-09-07T12:00
hourly_weather,31126cf6-4057-51c8-a708-a5462e48414c,2026-09-06T14:27:27Z,-23.514938,-46.610504,open_meteo,2026-09-07T13:00,83,-23.514938|-46.610504|2026-09-07T13:00,12,2026-09-07T13:00
hourly_weather,4fc35293-0046-5262-89aa-e53333ad694b,2026-09-06T14:27:27Z,-23.514938,-46.610504,open_meteo,2026-09-07T14:00,81,-23.514938|-46.610504|2026-09-07T14:00,12.4,2026-09-07T14:00
hourly_weather,79f02756-2370-5b6d-87e4-fdf5c33d6d12,2026-09-06T14:27:27Z,-23.514938,-46.610504,open_meteo,2026-09-07T15:00,79,-23.514938|-46.610504|2026-09-07T15:00,13,2026-09-07T15:00
hourly_weather,7b9e3fcd-67b4-57c8-b0ee-de744ba622a9,2026-09-06T14:27:27Z,-23.514938,-46.610504,open_meteo,2026-09-07T16:00,79,-23.514938|-46.610504|2026-09-07T16:00,13.3,2026-09-07T16:00
hourly_weather,ddf09b8a-6f32-51e0-8645-2aeb907f0d90,2026-09-06T14:27:27Z,-23.514938,-46.610504,open_meteo,2026-09-07T17:00,78,-23.514938|-46.610504|2026-09-07T17:00,13.4,2026-09-07T17:00
hourly_weather,389597e5-931e-5e00-871c-3d811f562bdc,2026-09-06T14:27:27Z,-23.514938,-46.610504,open_meteo,2026-09-07T18:00,79,-23.514938|-46.610504|2026-09-07T18:00,13.3,2026-09-07T18:00
hourly_weather,f495e137-6a54-52af-9dab-43930093910e,2026-09-06T14:27:27Z,-23.514938,-46.610504,open_meteo,2026-09-07T19:00,80,-23.514938|-46.610504|2026-09-07T19:00,13.2,2026-09-07T19:00
hourly_weather,4173b7ad-328a-568d-b021-cd4f9a166222,2026-09-06T14:27:27Z,-23.514938,-46.610504,open_meteo,2026-09-07T20:00,85,-23.514938|-46.610504|2026-09-07T20:00,12.6,2026-09-07T20:00
hourly_weather,0cc019bc-0fca-553e-83eb-63b86d7e0245,2026-09-06T14:27:27Z,-23.514938,-46.610504,open_meteo,2026-09-07T21:00,88,-23.514938|-46.610504|2026-09-07T21:00,12.1,2026-09-07T21:00
hourly_weather,2370b9fc-fd53-5a0b-b3c6-79241088f059,2026-09-06T14:27:27Z,-23.514938,-46.610504,open_meteo,2026-09-07T22:00,91,-23.514938|-46.610504|2026-09-07T22:00,11.8,2026-09-07T22:00
hourly_weather,c35dbf7d-0d28-50f0-b73b-1fbec3fde568,2026-09-06T14:27:27Z,-23.514938,-46.610504,open_meteo,2026-09-07T23:00,92,-23.514938|-46.610504|2026-09-07T23:00,11.7,2026-09-07T23:00
hourly_weather,4bf86d05-b58a-5a05-b80d-ac951a44d1fa,2026-09-06T14:27:27Z,-23.514938,-46.610504,open_meteo,2026-09-08T00:00,94,-23.514938|-46.610504|2026-09-08T00:00,11.6,2026-09-08T00:00
hourly_weather,b6d5e0ef-c22b-589d-9beb-1ee33904ca3b,2026-09-06T14:27:27Z,-23.514938,-46.610504,open_meteo,2026-09-08T01:00,95,-23.514938|-46.610504|2026-09-08T01:00,11.6,2026-09-08T01:00
hourly_weather,99dc641d-3415-583a-8640-de82492da6f0,2026-09-06T14:27:27Z,-23.514938,-46.610504,open_meteo,2026-09-08T02:00,94,-23.514938|-46.610504|2026-09-08T02:00,11.7,2026-09-08T02:00
hourly_weather,483a43f2-4059-5a46-9f53-6a7078a7c26e,2026-09-06T14:27:27Z,-23.514938,-46.610504,open_meteo,2026-09-08T03:00,95,-23.514938|-46.610504|2026-09-08T03:00,11.8,2026-09-08T03:00
hourly_weather,3fa2f5fe-9040-570a-988a-ebb20a98c1f0,2026-09-06T14:27:27Z,-23.514938,-46.610504,open_meteo,2026-09-08T04:00,94,-23.514938|-46.610504|2026-09-08T04:00,11.9,2026-09-08T04:00
hourly_weather,b6f930e9-4ef2-5470-a5ba-5e792a0a8133,2026-09-06T14:27:27Z,-23.514938,-46.610504,open_meteo,2026-09-08T05:00,95,-23.514938|-46.610504|2026-09-08T05:00,11.9,2026-09-08T05:00
hourly_weather,de15444a-b8e2-565b-b712-01f34f3ca90e,2026-09-06T14:27:27Z,-23.514938,-46.610504,open_meteo,2026-09-08T06:00,92,-23.514938|-46.610504|2026-09-08T06:00,12,2026-09-08T06:00
hourly_weather,05a1f499-d48b-5f1e-b9c5-27eacb094457,2026-09-06T14:27:27Z,-23.514938,-46.610504,open_meteo,2026-09-08T07:00,91,-23.514938|-46.610504|2026-09-08T07:00,12,2026-09-08T07:00
hourly_weather,c638f5b8-550b-55d5-85eb-1fe6d46c64eb,2026-09-06T14:27:27Z,-23.514938,-46.610504,open_meteo,2026-09-08T08:00,92,-23.514938|-46.610504|2026-09-08T08:00,12,2026-09-08T08:00
hourly_weather,59643ee7-9744-5edf-a21c-2ec7431794a7,2026-09-06T14:27:27Z,-23.514938,-46.610504,open_meteo,2026-09-08T09:00,91,-23.514938|-46.610504|2026-09-08T09:00,12.2,2026-09-08T09:00
hourly_weather,81ff672e-d8db-565a-b5c8-01f65ebbb734,2026-09-06T14:27:27Z,-23.514938,-46.610504,open_meteo,2026-09-08T10:00,89,-23.514938|-46.610504|2026-09-08T10:00,12.7,2026-09-08T10:00
hourly_weather,b7ebe01b-075e-5f5b-bbb8-f33fbd229f55,2026-09-06T14:27:27Z,-23.514938,-46.610504,open_meteo,2026-09-08T11:00,89,-23.514938|-46.610504|2026-09-08T11:00,13,2026-09-08T11:00
hourly_weather,b272ca9d-db8d-52af-bab6-d29a0d7277da,2026-09-06T14:27:27Z,-23.514938,-46.610504,open_meteo,2026-09-08T12:00,85,-23.514938|-46.610504|2026-09-08T12:00,13.8,2026-09-08T12:00
hourly_weather,ebf7b061-774b-5411-a0c1-90a106e0f2ff,2026-09-06T14:27:27Z,-23.514938,-46.610504,open_meteo,2026-09-08T13:00,75,-23.514938|-46.610504|2026-09-08T13:00,16.4,2026-09-08T13:00
hourly_weather,f829570d-8cf1-5b37-a12e-5008392efabc,2026-09-06T14:27:27Z,-23.514938,-46.610504,open_meteo,2026-09-08T14:00,72,-23.514938|-46.610504|2026-09-08T14:00,18,2026-09-08T14:00
hourly_weather,6d2a2638-cad2-5691-8b5d-8bf483782b12,2026-09-06T14:27:27Z,-23.514938,-46.610504,open_meteo,2026-09-08T15:00,70,-23.514938|-46.610504|2026-09-08T15:00,18.8,2026-09-08T15:00
hourly_weather,2f938e00-e029-51ed-9d95-ebdc9d0bec4f,2026-09-06T14:27:27Z,-23.514938,-46.610504,open_meteo,2026-09-08T16:00,68,-23.514938|-46.610504|2026-09-08T16:00,20.2,2026-09-08T16:00
hourly_weather,4c29f184-4884-5327-9b89-30e54d177568,2026-09-06T14:27:27Z,-23.514938,-46.610504,open_meteo,2026-09-08T17:00,69,-23.514938|-46.610504|2026-09-08T17:00,19.9,2026-09-08T17:00
hourly_weather,99a932f6-6e2a-5476-bbfd-b85f97168d66,2026-09-06T14:27:27Z,-23.514938,-46.610504,open_meteo,2026-09-08T18:00,70,-23.514938|-46.610504|2026-09-08T18:00,19.8,2026-09-08T18:00
hourly_weather,8831c3ce-35bf-56e8-a3ea-5666617559f3,2026-09-06T14:27:27Z,-23.514938,-46.610504,open_meteo,2026-09-08T19:00,74,-23.514938|-46.610504|2026-09-08T19:00,19.4,2026-09-08T19:00
hourly_weather,70ce51b1-9fdf-5adc-af60-8a570a48956e,2026-09-06T14:27:27Z,-23.514938,-46.610504,open_meteo,2026-09-08T20:00,83,-23.514938|-46.610504|2026-09-08T20:00,17.9,2026-09-08T20:00
hourly_weather,45333a85-8c14-5ad9-839d-e6948c2de60e,2026-09-06T14:27:27Z,-23.514938,-46.610504,open_meteo,2026-09-08T21:00,90,-23.514938|-46.610504|2026-09-08T21:00,16.2,2026-09-08T21:00
hourly_weather,9e75b959-7883-5e0d-854c-cb88cdb4d84b,2026-09-06T14:27:27Z,-23.514938,-46.610504,open_meteo,2026-09-08T22:00,94,-23.514938|-46.610504|2026-09-08T22:00,15.3,2026-09-08T22:00
hourly_weather,898ffd34-7142-56a2-ac8c-c7204705a3a9,2026-09-06T14:27:27Z,-23.514938,-46.610504,open_meteo,2026-09-08T23:00,96,-23.514938|-46.610504|2026-09-08T23:00,14.8,2026-09-08T23:00
hourly_weather,dbd44797-362c-51df-a36f-efb7a4a3f503,2026-09-06T14:27:27Z,-23.514938,-46.610504,open_meteo,2026-09-09T00:00,98,-23.514938|-46.610504|2026-09-09T00:00,14.4,2026-09-09T00:00
hourly_weather,c40365ad-7fe6-5a15-ba63-51353f911296,2026-09-06T14:27:27Z,-23.514938,-46.610504,open_meteo,2026-09-09T01:00,98,-23.514938|-46.610504|2026-09-09T01:00,14.2,2026-09-09T01:00
hourly_weather,2db2e2af-3a60-5735-9a9d-6de1f41eed2a,2026-09-06T14:27:27Z,-23.514938,-46.610504,open_meteo,2026-09-09T02:00,99,-23.514938|-46.610504|2026-09-09T02:00,14.2,2026-09-09T02:00
hourly_weather,24350d95-346f-5d77-b597-b99c97791f6c,2026-09-06T14:27:27Z,-23.514938,-46.610504,open_meteo,2026-09-09T03:00,98,-23.514938|-46.610504|2026-09-09T03:00,14.4,2026-09-09T03:00
hourly_weather,3c0e7a0c-f6ea-534e-a946-c3db0cd455f5,2026-09-06T14:27:27Z,-23.514938,-46.610504,open_meteo,2026-09-09T04:00,97,-23.514938|-46.610504|2026-09-09T04:00,14.7,2026-09-09T04:00
hourly_weather,e8168f08-90eb-55cd-881e-abeef2f80186,2026-09-06T14:27:27Z,-23.514938,-46.610504,open_meteo,2026-09-09T05:00,98,-23.514938|-46.610504|2026-09-09T05:00,14.5,2026-09-09T05:00
hourly_weather,8913f419-1a68-5a6e-98d9-ba93de3e36d5,2026-09-06T14:27:27Z,-23.514938,-46.610504,open_meteo,2026-09-09T06:00,97,-23.514938|-46.610504|2026-09-09T06:00,14.6,2026-09-09T06:00
hourly_weather,a0278cfb-0ed4-5a77-8dca-ffc6e68118f0,2026-09-06T14:27:27Z,-23.514938,-46.610504,open_meteo,2026-09-09T07:00,97,-23.514938|-46.610504|2026-09-09T07:00,14.8,2026-09-09T07:00
hourly_weather,f7323fdd-eaf2-528a-bfcc-6956477e6524,2026-09-06T14:27:27Z,-23.514938,-46.610504,open_meteo,2026-09-09T08:00,96,-23.514938|-46.610504|2026-09-09T08:00,15,2026-09-09T08:00
hourly_weather,3e5a4bda-2a72-5209-bf8f-fc62d460e55e,2026-09-06T14:27:27Z,-23.514938,-46.610504,open_meteo,2026-09-09T09:00,96,-23.514938|-46.610504|2026-09-09T09:00,15.1,2026-09-09T09:00
hourly_weather,da8ce741-d954-5445-bba0-905d0b5a426e,2026-09-06T14:27:27Z,-23.514938,-46.610504,open_meteo,2026-09-09T10:00,94,-23.514938|-46.610504|2026-09-09T10:00,15.5,2026-09-09T10:00
hourly_weather,862e73fe-2dfb-5ca9-bcb8-2308b1a76883,2026-09-06T14:27:27Z,-23.514938,-46.610504,open_meteo,2026-09-09T11:00,91,-23.514938|-46.610504|2026-09-09T11:00,17,2026-09-09T11:00
hourly_weather,1bb744fa-7f33-50b0-8b1f-4f8095630b53,2026-09-06T14:27:27Z,-23.514938,-46.610504,open_meteo,2026-09-09T12:00,85,-23.514938|-46.610504|2026-09-09T12:00,19.1,2026-09-09T12:00
hourly_weather,60bbe603-cecf-563e-a512-aac094aa99fb,2026-09-06T14:27:27Z,-23.514938,-46.610504,open_meteo,2026-09-09T13:00,80,-23.514938|-46.610504|2026-09-09T13:00,20.8,2026-09-09T13:00
hourly_weather,dcdd0693-6ae4-5154-8031-26dd628a127d,2026-09-06T14:27:27Z,-23.514938,-46.610504,open_meteo,2026-09-09T14:00,69,-23.514938|-46.610504|2026-09-09T14:00,23.1,2026-09-09T14:00
hourly_weather,614997b2-b7ba-5694-9eb3-893ae61d2884,2026-09-06T14:27:27Z,-23.514938,-46.610504,open_meteo,2026-09-09T15:00,72,-23.514938|-46.610504|2026-09-09T15:00,23,2026-09-09T15:00
hourly_weather,cbba8bf0-ffb8-5b1e-b334-63e063f7b2f1,2026-09-06T14:27:27Z,-23.514938,-46.610504,open_meteo,2026-09-09T16:00,68,-23.514938|-46.610504|2026-09-09T16:00,24.3,2026-09-09T16:00
hourly_weather,c34e0aa5-5391-548c-93e1-2e7d7822b518,2026-09-06T14:27:27Z,-23.514938,-46.610504,open_meteo,2026-09-09T17:00,82,-23.514938|-46.610504|2026-09-09T17:00,20.6,2026-09-09T17:00
hourly_weather,ad57fadb-1100-5e13-8e24-ed3d8de6558e,2026-09-06T14:27:27Z,-23.514938,-46.610504,open_meteo,2026-09-09T18:00,86,-23.514938|-46.610504|2026-09-09T18:00,20.9,2026-09-09T18:00
hourly_weather,84b5016c-e8ae-5c78-8e05-b7786c148994,2026-09-06T14:27:27Z,-23.514938,-46.610504,open_meteo,2026-09-09T19:00,81,-23.514938|-46.610504|2026-09-09T19:00,22.2,2026-09-09T19:00
hourly_weather,4443d869-a825-5468-8140-520dfb1bfe62,2026-09-06T14:27:27Z,-23.514938,-46.610504,open_meteo,2026-09-09T20:00,83,-23.514938|-46.610504|2026-09-09T20:00,21.3,2026-09-09T20:00
hourly_weather,d988c03d-3cc3-551d-aa31-0ba820afb439,2026-09-06T14:27:27Z,-23.514938,-46.610504,open_meteo,2026-09-09T21:00,94,-23.514938|-46.610504|2026-09-09T21:00,20,2026-09-09T21:00
hourly_weather,0bcd1f12-24c0-509e-bb6d-ead1fb14dba6,2026-09-06T14:27:27Z,-23.514938,-46.610504,open_meteo,2026-09-09T22:00,95,-23.514938|-46.610504|2026-09-09T22:00,18.6,2026-09-09T22:00
hourly_weather,6dffdb45-51a6-5b44-bad4-e6f1f8fd76e4,2026-09-06T14:27:27Z,-23.514938,-46.610504,open_meteo,2026-09-09T23:00,95,-23.514938|-46.610504|2026-09-09T23:00,18.1,2026-09-09T23:00
hourly_weather,c849afeb-423d-5bc2-8e0c-90201beb771c,2026-09-06T14:27:27Z,-23.514938,-46.610504,open_meteo,2026-09-10T00:00,97,-23.514938|-46.610504|2026-09-10T00:00,17.8,2026-09-10T00:00
hourly_weather,62e10dce-1f0e-530a-9abf-dd2dd81797cb,2026-09-06T14:27:27Z,-23.514938,-46.610504,open_meteo,2026-09-10T01:00,97,-23.514938|-46.610504|2026-09-10T01:00,17.3,2026-09-10T01:00
hourly_weather,7bc90950-9589-595b-8ee9-07d1885c22e9,2026-09-06T14:27:27Z,-23.514938,-46.610504,open_meteo,2026-09-10T02:00,98,-23.514938|-46.610504|2026-09-10T02:00,17,2026-09-10T02:00
hourly_weather,9315866b-fd8f-53cf-8f4f-3e0ca6a9b2c3,2026-09-06T14:27:27Z,-23.514938,-46.610504,open_meteo,2026-09-10T03:00,98,-23.514938|-46.610504|2026-09-10T03:00,16.8,2026-09-10T03:00
hourly_weather,2d806f6a-a63c-5c1a-b1a6-d7da7411aa96,2026-09-06T14:27:27Z,-23.514938,-46.610504,open_meteo,2026-09-10T04:00,97,-23.514938|-46.610504|2026-09-10T04:00,16.8,2026-09-10T04:00
hourly_weather,a0e0cf7d-d04a-5c1f-b0c6-db22d3423581,2026-09-06T14:27:27Z,-23.514938,-46.610504,open_meteo,2026-09-10T05:00,96,-23.514938|-46.610504|2026-09-10T05:00,16.9,2026-09-10T05:00
hourly_weather,617b609b-8f3d-5975-9238-42bd1f32ad77,2026-09-06T14:27:27Z,-23.514938,-46.610504,open_meteo,2026-09-10T06:00,94,-23.514938|-46.610504|2026-09-10T06:00,17.1,2026-09-10T06:00
hourly_weather,68ddd3a2-a726-51a7-ab78-b775766cf01d,2026-09-06T14:27:27Z,-23.514938,-46.610504,open_meteo,2026-09-10T07:00,94,-23.514938|-46.610504|2026-09-10T07:00,17.2,2026-09-10T07:00
hourly_weather,b5de9d08-9d72-5124-9be8-f5f591fbd227,2026-09-06T14:27:27Z,-23.514938,-46.610504,open_meteo,2026-09-10T08:00,94,-23.514938|-46.610504|2026-09-10T08:00,17.3,2026-09-10T08:00
hourly_weather,d279aa02-081c-53bc-b97e-515e1c0e2016,2026-09-06T14:27:27Z,-23.514938,-46.610504,open_meteo,2026-09-10T09:00,92,-23.514938|-46.610504|2026-09-10T09:00,17.9,2026-09-10T09:00
hourly_weather,cf78c6c0-1b3b-5c51-bf24-160d01e79444,2026-09-06T14:27:27Z,-23.514938,-46.610504,open_meteo,2026-09-10T10:00,89,-23.514938|-46.610504|2026-09-10T10:00,19.1,2026-09-10T10:00
hourly_weather,29829b1b-f9b5-5100-9ad4-f8551d74920f,2026-09-06T14:27:27Z,-23.514938,-46.610504,open_meteo,2026-09-10T11:00,85,-23.514938|-46.610504|2026-09-10T11:00,20.8,2026-09-10T11:00
hourly_weather,12f24153-0d13-54f3-bb05-ff5cad619f9c,2026-09-06T14:27:27Z,-23.514938,-46.610504,open_meteo,2026-09-10T12:00,80,-23.514938|-46.610504|2026-09-10T12:00,22.3,2026-09-10T12:00
hourly_weather,a8e6b71c-2632-5144-8cdc-517d6407a085,2026-09-06T14:27:27Z,-23.514938,-46.610504,open_meteo,2026-09-10T13:00,72,-23.514938|-46.610504|2026-09-10T13:00,23.9,2026-09-10T13:00
hourly_weather,3977eadf-c664-5e3a-9137-c25c4643809b,2026-09-06T14:27:27Z,-23.514938,-46.610504,open_meteo,2026-09-10T14:00,63,-23.514938|-46.610504|2026-09-10T14:00,25.3,2026-09-10T14:00
hourly_weather,69b6e760-8d2b-578d-806b-905dfa29bbaf,2026-09-06T14:27:27Z,-23.514938,-46.610504,open_meteo,2026-09-10T15:00,59,-23.514938|-46.610504|2026-09-10T15:00,25.9,2026-09-10T15:00
hourly_weather,6c3fe496-1fe3-55f9-b78b-a1c8a3c04159,2026-09-06T14:27:27Z,-23.514938,-46.610504,open_meteo,2026-09-10T16:00,66,-23.514938|-46.610504|2026-09-10T16:00,24.8,2026-09-10T16:00
hourly_weather,c27ca8e7-7aba-57a7-b84b-e9c2716f91c2,2026-09-06T14:27:27Z,-23.514938,-46.610504,open_meteo,2026-09-10T17:00,78,-23.514938|-46.610504|2026-09-10T17:00,22.8,2026-09-10T17:00
hourly_weather,6512d7c4-5796-52a8-8997-4a99047efa51,2026-09-06T14:27:27Z,-23.514938,-46.610504,open_meteo,2026-09-10T18:00,90,-23.514938|-46.610504|2026-09-10T18:00,21.2,2026-09-10T18:00
hourly_weather,7d911e2f-ad4e-53c0-9281-81d624242b16,2026-09-06T14:27:27Z,-23.514938,-46.610504,open_meteo,2026-09-10T19:00,94,-23.514938|-46.610504|2026-09-10T19:00,20.7,2026-09-10T19:00
hourly_weather,a6496506-1676-5a63-a069-919383ac5f48,2026-09-06T14:27:27Z,-23.514938,-46.610504,open_meteo,2026-09-10T20:00,94,-23.514938|-46.610504|2026-09-10T20:00,20.5,2026-09-10T20:00
hourly_weather,8e2779af-efbb-5ccb-b36a-666bb73e74f8,2026-09-06T14:27:27Z,-23.514938,-46.610504,open_meteo,2026-09-10T21:00,94,-23.514938|-46.610504|2026-09-10T21:00,20.4,2026-09-10T21:00
hourly_weather,0e5fa7d2-ba20-5bdc-8d0b-bdbec69402b1,2026-09-06T14:27:27Z,-23.514938,-46.610504,open_meteo,2026-09-10T22:00,95,-23.514938|-46.610504|2026-09-10T22:00,20.2,2026-09-10T22:00
hourly_weather,85ae2ca3-b44f-5d38-8402-5b493a602032,2026-09-06T14:27:27Z,-23.514938,-46.610504,open_meteo,2026-09-10T23:00,95,-23.514938|-46.610504|2026-09-10T23:00,20,2026-09-10T23:00
hourly_weather,d10ffa2c-03d7-5b03-9ed6-5c3676e52266,2026-09-06T14:27:27Z,-23.514938,-46.610504,open_meteo,2026-09-11T00:00,95,-23.514938|-46.610504|2026-09-11T00:00,19.8,2026-09-11T00:00
hourly_weather,020af252-53d3-589d-be78-20a575235a02,2026-09-06T14:27:27Z,-23.514938,-46.610504,open_meteo,2026-09-11T01:00,95,-23.514938|-46.610504|2026-09-11T01:00,19.6,2026-09-11T01:00
hourly_weather,ff6d0564-c703-572d-8f5a-40bbd6791b93,2026-09-06T14:27:27Z,-23.514938,-46.610504,open_meteo,2026-09-11T02:00,95,-23.514938|-46.610504|2026-09-11T02:00,19.5,2026-09-11T02:00
hourly_weather,f6466214-0bca-5c01-94bb-31771a67f5c5,2026-09-06T14:27:27Z,-23.514938,-46.610504,open_meteo,2026-09-11T03:00,95,-23.514938|-46.610504|2026-09-11T03:00,19.4,2026-09-11T03:00
hourly_weather,041ea8a9-d505-5582-b705-cbdf7e852edf,2026-09-06T14:27:27Z,-23.514938,-46.610504,open_meteo,2026-09-11T04:00,95,-23.514938|-46.610504|2026-09-11T04:00,19.3,2026-09-11T04:00
hourly_weather,a41af15d-5c02-5562-898b-605823cc6a23,2026-09-06T14:27:27Z,-23.514938,-46.610504,open_meteo,2026-09-11T05:00,94,-23.514938|-46.610504|2026-09-11T05:00,19.2,2026-09-11T05:00
hourly_weather,dbfd9ea1-0b90-5ddd-8126-ebc587608de5,2026-09-06T14:27:27Z,-23.514938,-46.610504,open_meteo,2026-09-11T06:00,94,-23.514938|-46.610504|2026-09-11T06:00,19.1,2026-09-11T06:00
hourly_weather,3edfdbf5-4f8e-5a96-b54f-3c8b6bea94ec,2026-09-06T14:27:27Z,-23.514938,-46.610504,open_meteo,2026-09-11T07:00,94,-23.514938|-46.610504|2026-09-11T07:00,18.9,2026-09-11T07:00
hourly_weather,5220b14f-a26d-576e-a7b2-ce4399241d49,2026-09-06T14:27:27Z,-23.514938,-46.610504,open_meteo,2026-09-11T08:00,94,-23.514938|-46.610504|2026-09-11T08:00,18.8,2026-09-11T08:00
hourly_weather,2c7a3139-a3be-5d74-8da9-a43e267f9f10,2026-09-06T14:27:27Z,-23.514938,-46.610504,open_meteo,2026-09-11T09:00,93,-23.514938|-46.610504|2026-09-11T09:00,19.1,2026-09-11T09:00
hourly_weather,7334aa44-de6f-50c7-b110-7dda55a1d180,2026-09-06T14:27:27Z,-23.514938,-46.610504,open_meteo,2026-09-11T10:00,88,-23.514938|-46.610504|2026-09-11T10:00,20.2,2026-09-11T10:00
hourly_weather,3b8bc9cb-13f1-510f-9de7-451685da2278,2026-09-06T14:27:27Z,-23.514938,-46.610504,open_meteo,2026-09-11T11:00,83,-23.514938|-46.610504|2026-09-11T11:00,21.7,2026-09-11T11:00
hourly_weather,ea051551-bb02-5217-8f5e-b76f0ffebd87,2026-09-06T14:27:27Z,-23.514938,-46.610504,open_meteo,2026-09-11T12:00,78,-23.514938|-46.610504|2026-09-11T12:00,23.1,2026-09-11T12:00
hourly_weather,b0dad0ec-8e2e-533c-adf1-85bf29f6f202,2026-09-06T14:27:27Z,-23.514938,-46.610504,open_meteo,2026-09-11T13:00,75,-23.514938|-46.610504|2026-09-11T13:00,24.2,2026-09-11T13:00
hourly_weather,bb948896-f36d-5cce-8772-91f9a50a6c0a,2026-09-06T14:27:27Z,-23.514938,-46.610504,open_meteo,2026-09-11T14:00,72,-23.514938|-46.610504|2026-09-11T14:00,25.1,2026-09-11T14:00
hourly_weather,9c296f8b-a9c1-56bb-a61d-889524ba8051,2026-09-06T14:27:27Z,-23.514938,-46.610504,open_meteo,2026-09-11T15:00,70,-23.514938|-46.610504|2026-09-11T15:00,25.6,2026-09-11T15:00
hourly_weather,9bcd2420-c50c-5c46-a049-910dd5be4d2b,2026-09-06T14:27:27Z,-23.514938,-46.610504,open_meteo,2026-09-11T16:00,71,-23.514938|-46.610504|2026-09-11T16:00,25.6,2026-09-11T16:00
hourly_weather,17512ea4-aaf5-5b6a-855d-9aa16d7f948e,2026-09-06T14:27:27Z,-23.514938,-46.610504,open_meteo,2026-09-11T17:00,73,-23.514938|-46.610504|2026-09-11T17:00,25.1,2026-09-11T17:00
hourly_weather,3319c8ce-e8a6-5175-a025-09ab8d7b182d,2026-09-06T14:27:27Z,-23.514938,-46.610504,open_meteo,2026-09-11T18:00,75,-23.514938|-46.610504|2026-09-11T18:00,24.6,2026-09-11T18:00
hourly_weather,ad24d6c0-ba36-58ec-bcd2-1060bf1bf8c2,2026-09-06T14:27:27Z,-23.514938,-46.610504,open_meteo,2026-09-11T19:00,76,-23.514938|-46.610504|2026-09-11T19:00,24.2,2026-09-11T19:00
hourly_weather,0ebb97fd-5d4b-5132-a518-bfe7b0bf11d0,2026-09-06T14:27:27Z,-23.514938,-46.610504,open_meteo,2026-09-11T20:00,78,-23.514938|-46.610504|2026-09-11T20:00,23.7,2026-09-11T20:00
hourly_weather,5e67e935-6e95-5f49-8d7e-ceb6fed24681,2026-09-06T14:27:27Z,-23.514938,-46.610504,open_meteo,2026-09-11T21:00,78,-23.514938|-46.610504|2026-09-11T21:00,23.3,2026-09-11T21:00
hourly_weather,b8d0e134-c2a7-5d21-b799-2c2a6237c856,2026-09-06T14:27:27Z,-23.514938,-46.610504,open_meteo,2026-09-11T22:00,76,-23.514938|-46.610504|2026-09-11T22:00,23.1,2026-09-11T22:00
hourly_weather,3ccfbb54-d6ce-5b24-abbf-822f19f6478b,2026-09-06T14:27:27Z,-23.514938,-46.610504,open_meteo,2026-09-11T23:00,74,-23.514938|-46.610504|2026-09-11T23:00,23,2026-09-11T23:00
hourly_weather,138802ac-0751-5c5c-8f0a-4fadc12e90f7,2026-09-06T14:27:27Z,-23.514938,-46.610504,open_meteo,2026-09-12T00:00,72,-23.514938|-46.610504|2026-09-12T00:00,22.8,2026-09-12T00:00
hourly_weather,e27abdde-0e3f-51ca-931b-fce0bd048ff3,2026-09-06T14:27:27Z,-23.514938,-46.610504,open_meteo,2026-09-12T01:00,73,-23.514938|-46.610504|2026-09-12T01:00,22.4,2026-09-12T01:00
hourly_weather,4b9a0d34-c346-5e10-9274-6b40d00bc02a,2026-09-06T14:27:27Z,-23.514938,-46.610504,open_meteo,2026-09-12T02:00,75,-23.514938|-46.610504|2026-09-12T02:00,21.8,2026-09-12T02:00
hourly_weather,4f7dd57f-19d3-5006-b635-c55944c8724a,2026-09-06T14:27:27Z,-23.514938,-46.610504,open_meteo,2026-09-12T03:00,79,-23.514938|-46.610504|2026-09-12T03:00,21.2,2026-09-12T03:00
hourly_weather,c70e2bf1-7496-596a-aebf-6b797d1e417f,2026-09-06T14:27:27Z,-23.514938,-46.610504,open_meteo,2026-09-12T04:00,84,-23.514938|-46.610504|2026-09-12T04:00,20.3,2026-09-12T04:00
hourly_weather,ba6192fc-55fb-5c2a-bf64-a62aa1bb06fe,2026-09-06T14:27:27Z,-23.514938,-46.610504,open_meteo,2026-09-12T05:00,90,-23.514938|-46.610504|2026-09-12T05:00,19.4,2026-09-12T05:00
hourly_weather,d30e18cb-03c0-5028-960a-1d721e4ece92,2026-09-06T14:27:27Z,-23.514938,-46.610504,open_meteo,2026-09-12T06:00,95,-23.514938|-46.610504|2026-09-12T06:00,18.7,2026-09-12T06:00
hourly_weather,68bf9083-abc8-5503-841c-8c44efa08a55,2026-09-06T14:27:27Z,-23.514938,-46.610504,open_meteo,2026-09-12T07:00,77,-23.514938|-46.610504|2026-09-12T07:00,22.2,2026-09-12T07:00
hourly_weather,35648635-c381-568a-bbe0-110576770381,2026-09-06T14:27:27Z,-23.514938,-46.610504,open_meteo,2026-09-12T08:00,79,-23.514938|-46.610504|2026-09-12T08:00,22,2026-09-12T08:00
hourly_weather,28aed9c9-7bcb-5b41-bb7f-206730d5cbde,2026-09-06T14:27:27Z,-23.514938,-46.610504,open_meteo,2026-09-12T09:00,81,-23.514938|-46.610504|2026-09-12T09:00,21.9,2026-09-12T09:00
hourly_weather,5a524474-c1e3-5f69-9955-dad7ee7b1ec0,2026-09-06T14:27:27Z,-23.514938,-46.610504,open_meteo,2026-09-12T10:00,84,-23.514938|-46.610504|2026-09-12T10:00,21.9,2026-09-12T10:00
hourly_weather,ee1d4982-b31f-52e0-8d65-05d51aa1891a,2026-09-06T14:27:27Z,-23.514938,-46.610504,open_meteo,2026-09-12T11:00,85,-23.514938|-46.610504|2026-09-12T11:00,21.9,2026-09-12T11:00
hourly_weather,65802bd3-e9d7-5a1f-a09e-30f3cf112b2b,2026-09-06T14:27:27Z,-23.514938,-46.610504,open_meteo,2026-09-12T12:00,84,-23.514938|-46.610504|2026-09-12T12:00,22.1,2026-09-12T12:00
hourly_weather,cabc39ae-1607-5677-98ab-9ba4f2d50e41,2026-09-06T14:27:27Z,-23.514938,-46.610504,open_meteo,2026-09-12T13:00,80,-23.514938|-46.610504|2026-09-12T13:00,22.7,2026-09-12T13:00
hourly_weather,ff1fedf5-07ab-5e1a-bf71-5e25a0095b43,2026-09-06T14:27:27Z,-23.514938,-46.610504,open_meteo,2026-09-12T14:00,75,-23.514938|-46.610504|2026-09-12T14:00,23.6,2026-09-12T14:00
hourly_weather,bc4f4617-a018-532a-9222-a6fe4b96bc9c,2026-09-06T14:27:27Z,-23.514938,-46.610504,open_meteo,2026-09-12T15:00,69,-23.514938|-46.610504|2026-09-12T15:00,24.6,2026-09-12T15:00
hourly_weather,f94b7008-53c5-5d83-b1e5-ee464c1237e9,2026-09-06T14:27:27Z,-23.514938,-46.610504,open_meteo,2026-09-12T16:00,64,-23.514938|-46.610504|2026-09-12T16:00,25.5,2026-09-12T16:00
hourly_weather,6fcf534a-3e83-5c6b-956f-20288cefed86,2026-09-06T14:27:27Z,-23.514938,-46.610504,open_meteo,2026-09-12T17:00,60,-23.514938|-46.610504|2026-09-12T17:00,25.9,2026-09-12T17:00
hourly_weather,23d42680-8d59-50de-a9f3-39b48bc688b9,2026-09-06T14:27:27Z,-23.514938,-46.610504,open_meteo,2026-09-12T18:00,58,-23.514938|-46.610504|2026-09-12T18:00,25.7,2026-09-12T18:00
hourly_weather,f4b061c2-1320-50b4-9817-9157b0236c46,2026-09-06T14:27:27Z,-23.514938,-46.610504,open_meteo,2026-09-12T19:00,59,-23.514938|-46.610504|2026-09-12T19:00,24.6,2026-09-12T19:00
hourly_weather,6da0a7fb-3fe7-5d2d-92e5-042fe1be6161,2026-09-06T14:27:27Z,-23.514938,-46.610504,open_meteo,2026-09-12T20:00,61,-23.514938|-46.610504|2026-09-12T20:00,22.7,2026-09-12T20:00
hourly_weather,3d26cd59-d006-57c6-9761-ff5efebfe310,2026-09-06T14:27:27Z,-23.514938,-46.610504,open_meteo,2026-09-12T21:00,65,-23.514938|-46.610504|2026-09-12T21:00,20.4,2026-09-12T21:00
hourly_weather,46c52cf2-f7cb-5672-9036-e4318409249c,2026-09-06T14:27:27Z,-23.514938,-46.610504,open_meteo,2026-09-12T22:00,70,-23.514938|-46.610504|2026-09-12T22:00,18,2026-09-12T22:00
hourly_weather,fba9c03a-3135-573c-8506-75163fd4de79,2026-09-06T14:27:27Z,-23.514938,-46.610504,open_meteo,2026-09-12T23:00,74,-23.514938|-46.610504|2026-09-12T23:00,15.9,2026-09-12T23:00
